{
  "name": "section2.4",
  "version": "1.0.0",
  "description": "Installing dependencies.",
  "main": "index.js",
  "scripts": {
    "test": "echo \"Error: no test specified\" && exit 1"
  },
  "author": "",
  "license": "ISC",
  "dependencies": {
    "lodash": "4.13.1",
    "lodash": ">4.13.1",
    "lodash": ">=4.13.1",
    "lodash": "<4.13.1",
    "lodash": "<=4.13.1",
    "lodash": "~4.13.1",
    "lodash": "^4.13.1",
    "lodash": "4.13.x",
    "lodash": "*",
    "lodash": "git://github.com/lodash/lodash",
    "lodash": "git://github.com/lodash/lodash#npm",
    "lodash": "git://github.com/lodash/lodash#a9476092",
    "lodash": "file:../path/to/lodash",
    "lodash": "4.13.1",
    "underscore": "1.8.3"
  },
  "devDependencies": {
    "debug": "2.2.0"
  }
}
